Show help,plugin_help
Show me help,plugin_help
Help,plugin_help
Help info,plugin_help
What's the help docs?,plugin_help
Can I see help?,plugin_help
Help docs,plugin_help
Documentation,plugin_help
Docs,plugin_help
Usage,plugin_help
Show me usage,plugin_help
Show the usage,plugin_help
Show help docs,plugin_help
Show docs,plugin_help
Display help,plugin_help
Display help docs,plugin_help
Autumn display help,plugin_help
Autumn help,plugin_help
Autumn show help,plugin_help
"Autumn, display help documentation.",plugin_help
"Autumn, display your help info.",plugin_help
"Autumn, display your help.",plugin_help
"Autumn, how do you work?",plugin_help
"Autumn, show display help docs.",plugin_help
"Autumn, show me help docs.",plugin_help
"Autumn, show me help.",plugin_help
Bot help,plugin_help
Display bot help,plugin_help
"Display help, Autumn.",plugin_help
Help bot,plugin_help
"Help me, Autumn.",plugin_help
"How do you work, Autumn?",plugin_help
How does Autumn work?,plugin_help
